C0,21,M,100,/clientes/C0.jpg
C1,19,F,101,/clientes/C1.jpg
C2,33,F,102,/clientes/C2.jpg
C3,26,F,103,/clientes/C3.jpg
C4,51,F,104,/clientes/C4.jpg
C5,69,M,105,/clientes/C5.jpg
C6,68,F,106,/clientes/C6.jpg
C7,40,F,107,/clientes/C7.jpg
C8,42,F,108,/clientes/C8.jpg
C9,21,M,109,/clientes/C9.jpg
C10,33,M,110,/clientes/C10.jpg
C11,48,F,111,/clientes/C11.jpg
C12,51,M,112,/clientes/C12.jpg
C13,66,F,113,/clientes/C13.jpg
C14,61,F,114,/clientes/C14.jpg
C15,19,M,115,/clientes/C15.jpg
C16,49,M,116,/clientes/C16.jpg
C17,66,F,117,/clientes/C17.jpg
C18,69,F,118,/clientes/C18.jpg
C19,66,F,119,/clientes/C19.jpg
C20,45,M,120,/clientes/C20.jpg
C21,21,M,121,/clientes/C21.jpg
C22,58,M,122,/clientes/C22.jpg
C23,25,M,123,/clientes/C23.jpg
C24,66,F,124,/clientes/C24.jpg
C25,63,M,125,/clientes/C25.jpg
C26,40,F,126,/clientes/C26.jpg
C27,31,F,127,/clientes/C27.jpg
C28,24,M,128,/clientes/C28.jpg
C29,66,F,129,/clientes/C29.jpg
C30,69,M,130,/clientes/C30.jpg
C31,31,M,131,/clientes/C31.jpg
C32,17,M,132,/clientes/C32.jpg
C33,20,M,133,/clientes/C33.jpg
C34,37,F,134,/clientes/C34.jpg
C35,63,F,135,/clientes/C35.jpg
C36,51,M,136,/clientes/C36.jpg
C37,63,F,137,/clientes/C37.jpg
C38,18,F,138,/clientes/C38.jpg
C39,52,F,139,/clientes/C39.jpg
C40,50,M,140,/clientes/C40.jpg
C41,38,M,141,/clientes/C41.jpg
C42,37,M,142,/clientes/C42.jpg
C43,60,F,143,/clientes/C43.jpg
C44,46,F,144,/clientes/C44.jpg
C45,56,M,145,/clientes/C45.jpg
C46,38,F,146,/clientes/C46.jpg
C47,54,F,147,/clientes/C47.jpg
C48,60,M,148,/clientes/C48.jpg
C49,37,M,149,/clientes/C49.jpg
C50,66,F,150,/clientes/C50.jpg
C51,63,M,151,/clientes/C51.jpg
C52,24,F,152,/clientes/C52.jpg
C53,48,M,153,/clientes/C53.jpg
C54,17,F,154,/clientes/C54.jpg
C55,39,F,155,/clientes/C55.jpg
C56,59,F,156,/clientes/C56.jpg
C57,21,M,157,/clientes/C57.jpg
C58,47,F,158,/clientes/C58.jpg
C59,28,F,159,/clientes/C59.jpg
C60,34,M,160,/clientes/C60.jpg
C61,69,F,161,/clientes/C61.jpg
C62,41,M,162,/clientes/C62.jpg
C63,57,M,163,/clientes/C63.jpg
C64,39,F,164,/clientes/C64.jpg
C65,33,F,165,/clientes/C65.jpg
C66,29,M,166,/clientes/C66.jpg
C67,47,M,167,/clientes/C67.jpg
C68,34,F,168,/clientes/C68.jpg
C69,29,F,169,/clientes/C69.jpg
C70,56,M,170,/clientes/C70.jpg
C71,38,M,171,/clientes/C71.jpg
C72,61,M,172,/clientes/C72.jpg
C73,69,M,173,/clientes/C73.jpg
C74,65,F,174,/clientes/C74.jpg
C75,60,M,175,/clientes/C75.jpg
C76,33,M,176,/clientes/C76.jpg
C77,34,M,177,/clientes/C77.jpg
C78,24,F,178,/clientes/C78.jpg
C79,38,F,179,/clientes/C79.jpg
C80,61,F,180,/clientes/C80.jpg
C81,25,M,181,/clientes/C81.jpg
C82,61,M,182,/clientes/C82.jpg
C83,20,M,183,/clientes/C83.jpg
C84,62,F,184,/clientes/C84.jpg
C85,64,F,185,/clientes/C85.jpg
C86,25,F,186,/clientes/C86.jpg
C87,47,F,187,/clientes/C87.jpg
C88,19,F,188,/clientes/C88.jpg
C89,28,F,189,/clientes/C89.jpg
C90,18,M,190,/clientes/C90.jpg
C91,60,F,191,/clientes/C91.jpg
C92,35,M,192,/clientes/C92.jpg
C93,67,F,193,/clientes/C93.jpg
C94,26,F,194,/clientes/C94.jpg
C95,34,M,195,/clientes/C95.jpg
C96,55,M,196,/clientes/C96.jpg
C97,58,M,197,/clientes/C97.jpg
C98,52,M,198,/clientes/C98.jpg
C99,47,F,199,/clientes/C99.jpg
