P0,555.99,692,/productos/P0.jpg
P1,639.99,786,/productos/P1.jpg
P2,138.99,933,/productos/P2.jpg
P3,545.99,492,/productos/P3.jpg
P4,558.99,157,/productos/P4.jpg
P5,675.99,425,/productos/P5.jpg
P6,961.99,806,/productos/P6.jpg
P7,50.99,316,/productos/P7.jpg
P8,817.99,692,/productos/P8.jpg
P9,865.99,478,/productos/P9.jpg
P10,334.99,919,/productos/P10.jpg
P11,641.99,567,/productos/P11.jpg
P12,43.99,69,/productos/P12.jpg
P13,543.99,433,/productos/P13.jpg
P14,655.99,60,/productos/P14.jpg
P15,840.99,559,/productos/P15.jpg
P16,508.99,292,/productos/P16.jpg
P17,714.99,692,/productos/P17.jpg
P18,673.99,282,/productos/P18.jpg
P19,895.99,567,/productos/P19.jpg
P20,284.99,984,/productos/P20.jpg
P21,981.99,763,/productos/P21.jpg
P22,34.99,302,/productos/P22.jpg
P23,294.99,729,/productos/P23.jpg
P24,405.99,476,/productos/P24.jpg
P25,519.99,800,/productos/P25.jpg
P26,957.99,949,/productos/P26.jpg
P27,380.99,144,/productos/P27.jpg
P28,195.99,453,/productos/P28.jpg
P29,589.99,81,/productos/P29.jpg
P30,199.99,465,/productos/P30.jpg
P31,483.99,276,/productos/P31.jpg
P32,646.99,546,/productos/P32.jpg
P33,190.99,215,/productos/P33.jpg
P34,198.99,815,/productos/P34.jpg
P35,788.99,403,/productos/P35.jpg
P36,16.99,572,/productos/P36.jpg
P37,829.99,999,/productos/P37.jpg
P38,19.99,869,/productos/P38.jpg
P39,82.99,744,/productos/P39.jpg
P40,511.99,198,/productos/P40.jpg
P41,374.99,378,/productos/P41.jpg
P42,135.99,668,/productos/P42.jpg
P43,882.99,791,/productos/P43.jpg
P44,707.99,389,/productos/P44.jpg
P45,867.99,690,/productos/P45.jpg
P46,435.99,657,/productos/P46.jpg
P47,274.99,945,/productos/P47.jpg
P48,541.99,845,/productos/P48.jpg
P49,912.99,60,/productos/P49.jpg
P50,911.99,481,/productos/P50.jpg
P51,823.99,624,/productos/P51.jpg
P52,578.99,235,/productos/P52.jpg
P53,122.99,513,/productos/P53.jpg
P54,603.99,115,/productos/P54.jpg
P55,905.99,812,/productos/P55.jpg
P56,760.99,707,/productos/P56.jpg
P57,306.99,178,/productos/P57.jpg
P58,70.99,82,/productos/P58.jpg
P59,334.99,173,/productos/P59.jpg
P60,638.99,807,/productos/P60.jpg
P61,929.99,70,/productos/P61.jpg
P62,172.99,260,/productos/P62.jpg
P63,734.99,980,/productos/P63.jpg
P64,667.99,84,/productos/P64.jpg
P65,103.99,132,/productos/P65.jpg
P66,323.99,566,/productos/P66.jpg
P67,188.99,754,/productos/P67.jpg
P68,986.99,166,/productos/P68.jpg
P69,15.99,851,/productos/P69.jpg
P70,739.99,516,/productos/P70.jpg
P71,918.99,275,/productos/P71.jpg
P72,482.99,504,/productos/P72.jpg
P73,68.99,904,/productos/P73.jpg
P74,916.99,309,/productos/P74.jpg
P75,369.99,522,/productos/P75.jpg
P76,962.99,269,/productos/P76.jpg
P77,35.99,730,/productos/P77.jpg
P78,222.99,812,/productos/P78.jpg
P79,750.99,993,/productos/P79.jpg
P80,216.99,80,/productos/P80.jpg
P81,155.99,669,/productos/P81.jpg
P82,151.99,465,/productos/P82.jpg
P83,19.99,496,/productos/P83.jpg
P84,371.99,177,/productos/P84.jpg
P85,207.99,24,/productos/P85.jpg
P86,74.99,539,/productos/P86.jpg
P87,596.99,763,/productos/P87.jpg
P88,439.99,190,/productos/P88.jpg
P89,86.99,958,/productos/P89.jpg
P90,997.99,713,/productos/P90.jpg
P91,546.99,455,/productos/P91.jpg
P92,468.99,625,/productos/P92.jpg
P93,87.99,936,/productos/P93.jpg
P94,499.99,851,/productos/P94.jpg
P95,301.99,376,/productos/P95.jpg
P96,455.99,389,/productos/P96.jpg
P97,794.99,374,/productos/P97.jpg
P98,949.99,791,/productos/P98.jpg
P99,966.99,597,/productos/P99.jpg
